<?xml version="1.0" encoding="UTF-8"?>
<beans xmlns="http://www.springframework.org/schema/beans"
       xmlns:xsi="http://www.w3.org/2001/XMLSchema-instance"
       xmlns:context="http://www.springframework.org/schema/context"
       xmlns:mvc="http://www.springframework.org/schema/mvc"
       xsi:schemaLocation="http://www.springframework.org/schema/beans http://www.springframework.org/schema/beans/spring-beans.xsd
           http://www.springframework.org/schema/context http://www.springframework.org/schema/context/spring-context.xsd
           http://www.springframework.org/schema/mvc http://www.springframework.org/schema/mvc/spring-mvc.xsd">

    <!-- Database configuration -->
    <!-- <bean id="dataSource" classs="org.springframework.jdbc.datasource.DriverManagerDataSource">
        <property name="driverClassName" value="com.mysql.cj.jdbc.Driver" />
        <property name="url" value="jdbc:mysql://localhost:3306/shop_management" />
        <property name="username" value="root" />
        <property name="password" value="123456" />
    </bean> -->
	<bean id="dbProperties"
    class="org.springframework.beans.factory.config.PropertyPlaceholderConfigurer">
 
    <property name="location" value="classpath:application.properties" />
 
	</bean>
	
    <bean id="dataSource" class="org.springframework.jdbc.datasource.DriverManagerDataSource">
        <property name="driverClassName" value="com.mysql.cj.jdbc.Driver" />
        <property name="url" value="${db.url}" />
        <property name="username" value="${db.username}" />
        <property name="password" value="${db.password}" />
    </bean>	

    <!-- Enable component scanning for controllers -->
    <context:component-scan base-package="com.example.controller" />

    <context:property-placeholder location="classpath:application.properties" />


    <!-- Enable Spring MVC annotations -->
    <mvc:annotation-driven />

    <!-- View resolver configuration -->
    <bean class="org.springframework.web.servlet.view.InternalResourceViewResolver">
        <property name="prefix" value="/WEB-INF/views/jsp/" />
        <property name="suffix" value=".jsp" />
    </bean>

</beans>
